schoolYear,stt,studentCode,TOAN,VAN,LY,HOA,SINH,SU,DIA,GDCD,NGOAINGU,CODE_NGOAINGU,groupCode,groupName,HKTN,HKXH,A00,B00,C00,D01,A01
2021,210202,04000010,8.20,5.75,8,9,4.25,,,,4.40,N1,04,Sở GDĐT Đà Nẵng ,21.30,,25.20,21.50,,18.40,20.60
2021,210193,04000001,7.80,8,2.50,5,4.50,,,,8.40,N1,04,Sở GDĐT Đà Nẵng ,12.00,,15.30,17.30,,24.20,18.70
2021,210204,04000012,7.60,6.25,5.75,7.25,5,,,,7.40,N1,04,Sở GDĐT Đà Nẵng ,18.00,,20.60,19.90,,21.30,20.80
2021,210195,04000003,8.60,6.25,7.50,8,5.25,,,,5.80,N1,04,Sở GDĐT Đà Nẵng ,20.80,,24.10,21.90,,20.70,21.90
2021,210196,04000004,9,6.50,8,9,6.75,,,,8.60,N1,04,Sở GDĐT Đà Nẵng ,23.80,,26.00,24.80,,24.10,25.60
2021,210199,04000007,9,6,7.50,8.25,4.50,,,,6,N1,04,Sở GDĐT Đà Nẵng ,20.30,,24.80,21.80,,21.00,22.50
2021,210194,04000002,9,6.25,8.25,7,7.25,,,,9.60,N1,04,Sở GDĐT Đà Nẵng ,22.50,,24.30,23.30,,24.90,26.90
2021,210197,04000005,7.80,7,,,,2.50,6.50,7,9,N1,04,Sở GDĐT Đà Nẵng ,,16.00,,,16.00,23.80,
2021,210201,04000009,6.40,7.75,,,,3.50,7.50,9.75,4,N1,04,Sở GDĐT Đà Nẵng ,,20.80,,,18.80,18.20,
2021,210200,04000008,8,5.75,5.75,9,7.50,,,,8.40,N1,04,Sở GDĐT Đà Nẵng ,22.30,,22.80,24.50,,22.20,22.20
2021,210198,04000006,6,4,3.50,4.75,4.75,,,,2.40,N1,04,Sở GDĐT Đà Nẵng ,13.00,,14.30,15.50,,12.40,11.90
2021,210209,04000017,8.80,6,6,8.25,4.75,,,,3.80,N1,04,Sở GDĐT Đà Nẵng ,19.00,,23.10,21.80,,18.60,18.60
2021,210203,04000011,8.20,6,4.25,8.50,10,,,,6.40,N1,04,Sở GDĐT Đà Nẵng ,22.80,,21.00,26.70,,20.60,18.90
2021,210205,04000013,5.60,7.50,,,,6.50,7,9.25,5.20,N1,04,Sở GDĐT Đà Nẵng ,,22.80,,,21.00,18.30,
2021,210206,04000014,7.80,7.25,,,,3.25,5.75,8,5.40,N1,04,Sở GDĐT Đà Nẵng ,,17.00,,,16.30,20.50,
2021,210207,04000015,4.80,7.25,,,,2.75,6,8.50,7.20,N1,04,Sở GDĐT Đà Nẵng ,,17.30,,,16.00,19.30,
2021,210208,04000016,6.80,6.50,,,,5.75,7,8,6,N1,04,Sở GDĐT Đà Nẵng ,,20.80,,,19.30,19.30,
2021,210212,04000020,7.40,7.75,,,,4.75,6.50,7.50,7.80,N1,04,Sở GDĐT Đà Nẵng ,,18.80,,,19.00,23.00,
2021,210211,04000019,8.20,7.25,,,,5.25,7.25,8,7,N1,04,Sở GDĐT Đà Nẵng ,,20.50,,,19.80,22.50,
2021,210210,04000018,5.80,6,,,,3.50,6,9.50,4.60,N1,04,Sở GDĐT Đà Nẵng ,,19.00,,,15.50,16.40,
2021,210216,04000024,7.40,6,6,7,5.75,,,,9.80,N1,04,Sở GDĐT Đà Nẵng ,18.80,,20.40,20.20,,23.20,23.20
2021,210213,04000021,6.80,5.25,5.50,7.25,6.50,,,,5,N1,04,Sở GDĐT Đà Nẵng ,19.30,,19.60,20.60,,17.10,17.30
2021,210214,04000022,8,6.50,,,,7.25,7.75,9.25,7.40,N1,04,Sở GDĐT Đà Nẵng ,,24.30,,,21.50,21.90,
2021,210220,04000028,4.80,7,,,,8.25,7.25,10,6,N1,04,Sở GDĐT Đà Nẵng ,,25.50,,,22.50,17.80,
2021,210222,04000030,7.40,6,,,,5.50,6.75,7.75,7.20,N1,04,Sở GDĐT Đà Nẵng ,,20.00,,,18.30,20.60,
2021,210224,04000032,7.20,6.50,5.75,5,5.75,,,,9.20,N1,04,Sở GDĐT Đà Nẵng ,16.50,,18.00,18.00,,22.90,22.20
2021,210215,04000023,5.40,3.50,,,,3.25,6.75,8.25,2.40,N1,04,Sở GDĐT Đà Nẵng ,,18.30,,,13.50,11.30,
2021,210225,04000033,7.60,6,,,,7.25,7,8.25,7.40,N1,04,Sở GDĐT Đà Nẵng ,,22.50,,,20.30,21.00,
2021,210217,04000025,6,6.75,,,,3,5.50,8.75,4.80,N1,04,Sở GDĐT Đà Nẵng ,,17.30,,,15.30,17.60,
2021,210228,04000036,5,4.25,4,5,2.50,,,,5.80,N1,04,Sở GDĐT Đà Nẵng ,11.50,,14.00,12.50,,15.10,14.80
2021,210229,04000037,6.80,5.75,6.75,6.75,3.50,,,,6,N1,04,Sở GDĐT Đà Nẵng ,17.00,,20.30,17.10,,18.60,19.60
2021,210230,04000038,7,5.75,,,,4.25,8,7.50,3.20,N1,04,Sở GDĐT Đà Nẵng ,,19.80,,,18.00,16.00,
2021,210219,04000027,5.40,7.75,,,,3.25,5.75,6.50,9,N1,04,Sở GDĐT Đà Nẵng ,,15.50,,,16.80,22.20,
2021,210218,04000026,8.40,8.25,,,,5.50,7.75,8.50,8.80,N1,04,Sở GDĐT Đà Nẵng ,,21.80,,,21.50,25.50,
2021,210221,04000029,7.60,6.50,5,8,8.25,,,,6,N1,04,Sở GDĐT Đà Nẵng ,21.30,,20.60,23.90,,20.10,18.60
2021,210223,04000031,8,3.25,6.25,5.50,3.75,,,,4.20,N1,04,Sở GDĐT Đà Nẵng ,15.50,,19.80,17.30,,15.50,18.50
2021,210233,04000041,7.40,6,,,,7,8.25,9.25,6.80,N1,04,Sở GDĐT Đà Nẵng ,,24.50,,,21.30,20.20,
2021,210234,04000042,4.80,6,,,,3.25,4.50,6,3.60,N1,04,Sở GDĐT Đà Nẵng ,,13.80,,,13.80,14.40,
2021,210226,04000034,6.60,6.75,,,,4.50,9,9,5.40,N1,04,Sở GDĐT Đà Nẵng ,,22.50,,,20.30,18.80,
2021,210227,04000035,8,6.75,,,,6.50,5.75,9,5.20,N1,04,Sở GDĐT Đà Nẵng ,,21.30,,,19.00,20.00,
2021,210232,04000040,4.40,4.25,,,,3,6.50,7.50,2.60,N1,04,Sở GDĐT Đà Nẵng ,,17.00,,,13.80,11.30,
2021,210231,04000039,8,6,6.50,7,4,,,,5.80,N1,04,Sở GDĐT Đà Nẵng ,17.50,,21.50,19.00,,19.80,20.30
2021,210236,04000044,3.20,4.75,,,,3.75,5.25,7.50,3,N1,04,Sở GDĐT Đà Nẵng ,,16.50,,,13.80,11.00,
2021,210235,04000043,6.80,7.50,,,,6.50,6.75,8.25,6.80,N1,04,Sở GDĐT Đà Nẵng ,,21.50,,,20.80,21.10,
2021,210237,04000045,8.40,7.50,,,,6.75,7,9.50,9.40,N1,04,Sở GDĐT Đà Nẵng ,,23.30,,,21.30,25.30,
2021,210238,04000046,8.80,3.75,8.25,8.50,5.75,,,,7,N1,04,Sở GDĐT Đà Nẵng ,22.50,,25.60,23.10,,19.60,24.10
2021,210239,04000047,6,5.75,7,7.25,4,,,,6.80,N1,04,Sở GDĐT Đà Nẵng ,18.30,,20.30,17.30,,18.60,19.80
2021,210244,04000052,7.40,4.50,5.75,5.75,4.75,,,,7.80,N1,04,Sở GDĐT Đà Nẵng ,16.30,,18.90,17.90,,19.70,21.00
2021,210243,04000051,4,3.50,,,,3.50,7,7,7.40,N1,04,Sở GDĐT Đà Nẵng ,,17.50,,,14.00,14.90,
2021,210240,04000048,8,6,7.50,4.50,6.50,,,,8.80,N1,04,Sở GDĐT Đà Nẵng ,18.50,,20.00,19.00,,22.80,24.30
2021,210241,04000049,6.40,5.25,6,2.50,5.75,,,,6.40,N1,04,Sở GDĐT Đà Nẵng ,14.30,,14.90,14.70,,18.10,18.80
2021,210245,04000053,8.20,5,7.75,7,5,,,,3.20,N1,04,Sở GDĐT Đà Nẵng ,19.80,,23.00,20.20,,16.40,19.20
2021,210242,04000050,5.60,5.50,,,,4.75,6.75,8,3.60,N1,04,Sở GDĐT Đà Nẵng ,,19.50,,,17.00,14.70,
2021,210246,04000054,8.40,4.75,8.50,6,2.75,,,,9.60,N1,04,Sở GDĐT Đà Nẵng ,17.30,,22.90,17.20,,22.80,26.50
2021,210248,04000056,7.40,3.75,,,,3.25,6.25,8.25,8.60,N1,04,Sở GDĐT Đà Nẵng ,,17.80,,,13.30,19.80,
2021,210247,04000055,4,5,,,,6.25,7.25,8,4,N1,04,Sở GDĐT Đà Nẵng ,,21.50,,,18.50,13.00,
2021,210249,04000057,7,5.75,,,,5.25,7.75,7.50,8.80,N1,04,Sở GDĐT Đà Nẵng ,,20.50,,,18.80,21.60,
2021,210250,04000058,6.20,5,6,4.25,2.25,,,,8.80,N1,04,Sở GDĐT Đà Nẵng ,12.50,,16.50,12.70,,20.00,21.00
2021,210253,04000061,7,7.25,,,,2.25,4.75,7.50,9,N1,04,Sở GDĐT Đà Nẵng ,,14.50,,,14.30,23.30,
2021,210254,04000062,7.80,7,,,,5.50,6.75,8.25,9,N1,04,Sở GDĐT Đà Nẵng ,,20.50,,,19.30,23.80,
2021,210252,04000060,7,5.25,4.75,5.50,7.25,,,,5,N1,04,Sở GDĐT Đà Nẵng ,17.50,,17.30,19.80,,17.30,16.80
2021,210251,04000059,6.20,6,,,,5.25,6.50,9.50,4.80,N1,04,Sở GDĐT Đà Nẵng ,,21.30,,,17.80,17.00,
2021,210255,04000063,7.80,6.75,,,,3.25,7,8.50,7,N1,04,Sở GDĐT Đà Nẵng ,,18.80,,,17.00,21.60,
2021,210262,04000070,7.80,5.25,,,,2.50,6,7.50,3.20,N1,04,Sở GDĐT Đà Nẵng ,,16.00,,,13.80,16.30,
2021,210256,04000064,6.20,5,,,,6.25,6.50,8.50,7.20,N1,04,Sở GDĐT Đà Nẵng ,,21.30,,,17.80,18.40,
2021,210257,04000065,7.80,7,,,,4.75,5.25,8,9.60,N1,04,Sở GDĐT Đà Nẵng ,,18.00,,,17.00,24.40,
2021,210258,04000066,8.80,7,,,,5.50,7,9,8.60,N1,04,Sở GDĐT Đà Nẵng ,,21.50,,,19.50,24.40,
2021,210259,04000067,7.80,4,7.75,8,5.50,,,,4.60,N1,04,Sở GDĐT Đà Nẵng ,21.30,,23.60,21.30,,16.40,20.20
2021,210260,04000068,6,4.75,,,,2.75,5.50,5.75,3.20,N1,04,Sở GDĐT Đà Nẵng ,,14.00,,,13.00,14.00,
2021,210261,04000069,7.20,6.75,,,,7.50,7.25,9.25,4.80,N1,04,Sở GDĐT Đà Nẵng ,,24.00,,,21.50,18.80,
2021,210264,04000072,6.60,5.50,,,,6.75,6.75,8.75,2.20,N1,04,Sở GDĐT Đà Nẵng ,,22.30,,,19.00,14.30,
2021,210263,04000071,6.20,4.75,,,,6.50,6.25,6.50,6.60,N1,04,Sở GDĐT Đà Nẵng ,,19.30,,,17.50,17.50,
2021,210265,04000073,7.60,7,,,,4.25,6.50,8.75,9.80,N1,04,Sở GDĐT Đà Nẵng ,,19.50,,,17.80,24.40,
2021,210266,04000074,6.40,5.50,,,,5.25,6.50,9,6,N1,04,Sở GDĐT Đà Nẵng ,,20.80,,,17.30,17.90,
2021,210274,04000082,4.40,5.50,,,,3.25,5.75,7.25,4.20,N1,04,Sở GDĐT Đà Nẵng ,,16.30,,,14.50,14.10,
2021,210267,04000075,7.80,8.25,,,,4,7.25,8.25,9.20,N1,04,Sở GDĐT Đà Nẵng ,,19.50,,,19.50,25.30,
2021,210268,04000076,6.40,5,,,,1.25,6.50,7.75,5,N1,04,Sở GDĐT Đà Nẵng ,,15.50,,,12.80,16.40,
2021,210269,04000077,8.40,8.25,,,,5.25,7.50,9.25,9.80,N1,04,Sở GDĐT Đà Nẵng ,,22.00,,,21.00,26.50,
2021,210270,04000078,7.60,5.50,,,,3.75,6.75,7.75,6.60,N1,04,Sở GDĐT Đà Nẵng ,,18.30,,,16.00,19.70,
2021,210271,04000079,8.20,7.50,,,,7.75,7.25,9.25,9.20,N1,04,Sở GDĐT Đà Nẵng ,,24.30,,,22.50,24.90,
2021,210272,04000080,7.60,6.25,,,,5.25,7.75,9.50,7.40,N1,04,Sở GDĐT Đà Nẵng ,,22.50,,,19.30,21.30,
2021,210273,04000081,7.60,6,,,,5.25,7.50,8.50,6.80,N1,04,Sở GDĐT Đà Nẵng ,,21.30,,,18.80,20.40,
2021,210278,04000086,7.60,5.75,,,,2.25,6.75,6,7.40,N1,04,Sở GDĐT Đà Nẵng ,,15.00,,,14.80,20.80,
2021,210275,04000083,7.40,6.50,,,,7,8,8.50,9.40,N1,04,Sở GDĐT Đà Nẵng ,,23.50,,,21.50,23.30,
2021,210279,04000087,8.20,6.25,,,,5.25,7.75,8.25,3.40,N1,04,Sở GDĐT Đà Nẵng ,,21.30,,,19.30,17.80,
2021,210282,04000090,5,1.75,,,,3.50,6.75,7.50,3.60,N1,04,Sở GDĐT Đà Nẵng ,,17.80,,,12.00,10.40,
2021,210276,04000084,6.80,7,,,,4.25,7,8,3.80,N1,04,Sở GDĐT Đà Nẵng ,,19.30,,,18.30,17.60,
2021,210277,04000085,5.80,6.50,4.75,5.25,5,,,,4,N1,04,Sở GDĐT Đà Nẵng ,15.00,,15.80,16.10,,16.30,14.60
2021,210283,04000091,7.40,4,8,8.25,6,,,,6.80,N1,04,Sở GDĐT Đà Nẵng ,22.30,,23.70,21.70,,18.20,22.20
2021,210280,04000088,5.40,5.75,,,,6,7.50,9,9,N1,04,Sở GDĐT Đà Nẵng ,,22.50,,,19.30,20.20,
2021,210281,04000089,3.60,3.25,,,,3.50,5.75,6.25,3,N1,04,Sở GDĐT Đà Nẵng ,,15.50,,,12.50,9.90,
2021,210291,04000099,8,6.50,8.75,7.50,5.75,,,,5.20,N1,04,Sở GDĐT Đà Nẵng ,22.00,,24.30,21.30,,19.70,22.00
2021,210285,04000093,7.80,7.25,,,,6.50,8.50,9.75,6.60,N1,04,Sở GDĐT Đà Nẵng ,,24.80,,,22.30,21.70,
2021,210287,04000095,8,5.75,6.25,6,3.50,,,,3.40,N1,04,Sở GDĐT Đà Nẵng ,15.80,,20.30,17.50,,17.20,17.70
2021,210284,04000092,7.20,4.50,3.75,4.75,4,,,,4.60,N1,04,Sở GDĐT Đà Nẵng ,12.50,,15.70,16.00,,16.30,15.60
2021,210286,04000094,7.20,6.25,,,,7,6.50,7.75,3.80,N1,04,Sở GDĐT Đà Nẵng ,,21.30,,,19.80,17.30,
2021,210288,04000096,7.80,6.25,,,,4.25,5,8.75,5.40,N1,04,Sở GDĐT Đà Nẵng ,,18.00,,,15.50,19.50,
2021,210289,04000097,7.60,5,8,7.75,4.75,,,,4.80,N1,04,Sở GDĐT Đà Nẵng ,20.50,,23.40,20.10,,17.40,20.40
2021,210290,04000098,8.80,5.25,8.75,8.25,6.25,,,,7.40,N1,04,Sở GDĐT Đà Nẵng ,23.30,,25.80,23.30,,21.50,25.00
2021,210292,04000100,5.60,6.75,4.50,6.75,5.50,,,,2.80,N1,04,Sở GDĐT Đà Nẵng ,16.80,,16.90,17.90,,15.20,12.90
2021,210293,04000101,8.20,6.75,,,,5,7.50,9,7.40,N1,04,Sở GDĐT Đà Nẵng ,,21.50,,,19.30,22.40,
2021,210300,04000108,8,7.50,7.25,6,4.75,,,,7,N1,04,Sở GDĐT Đà Nẵng ,18.00,,21.30,18.80,,22.50,22.30
2021,210294,04000102,8.20,7.50,,,,3,6,8,8,N1,04,Sở GDĐT Đà Nẵng ,,17.00,,,16.50,23.70,
2021,210296,04000104,7,7.50,,,,4.50,6.25,7.50,2.80,N1,04,Sở GDĐT Đà Nẵng ,,18.30,,,18.30,17.30,
2021,210295,04000103,8.20,5.50,7.25,8,5.25,,,,8.40,N1,04,Sở GDĐT Đà Nẵng ,20.50,,23.50,21.50,,22.10,23.90
2021,210297,04000105,8,5.25,6.75,6.25,4.25,,,,4,N1,04,Sở GDĐT Đà Nẵng ,17.30,,21.00,18.50,,17.30,18.80
2021,210298,04000106,6,5,2,3.25,5.25,,,,3,N1,04,Sở GDĐT Đà Nẵng ,10.50,,11.30,14.50,,14.00,11.00
2021,210299,04000107,9.40,5.25,8.50,7.75,5.25,,,,7.40,N1,04,Sở GDĐT Đà Nẵng ,21.50,,25.70,22.40,,22.10,25.30
2021,210302,04000110,7,6.25,,,,4,6.75,9,3,N1,04,Sở GDĐT Đà Nẵng ,,19.80,,,17.00,16.30,
2021,210304,04000112,5.40,5.50,,,,5.50,6.25,5.75,3.80,N1,04,Sở GDĐT Đà Nẵng ,,17.50,,,17.30,14.70,
2021,210303,04000111,7.20,6.25,7.25,7.25,5.75,,,,5.40,N1,04,Sở GDĐT Đà Nẵng ,20.30,,21.70,20.20,,18.90,19.90
2021,210306,04000114,7.60,5.50,5.50,3.75,6.25,,,,5.80,N1,04,Sở GDĐT Đà Nẵng ,15.50,,16.90,17.60,,18.90,18.90
2021,210307,04000115,6.40,5,,,,4.50,7.25,8.25,3,N1,04,Sở GDĐT Đà Nẵng ,,20.00,,,16.80,14.40,
2021,210309,04000117,7,6.50,6.75,6.75,5.50,,,,4.60,N1,04,Sở GDĐT Đà Nẵng ,19.00,,20.50,19.30,,18.10,18.40
2021,210311,04000119,7.40,5.75,,,,3,5.75,6.75,4.60,N1,04,Sở GDĐT Đà Nẵng ,,15.50,,,14.50,17.80,
2021,210313,04000121,7.80,4,6.50,6.25,4,,,,3.60,N1,04,Sở GDĐT Đà Nẵng ,16.80,,20.60,18.10,,15.40,17.90
2021,210315,04000123,9,5.25,8.75,8.75,5.75,,,,7.40,N1,04,Sở GDĐT Đà Nẵng ,23.30,,26.50,23.50,,21.70,25.20
2021,210301,04000109,7,5.50,5.50,5.75,4.75,,,,4.80,N1,04,Sở GDĐT Đà Nẵng ,16.00,,18.30,17.50,,17.30,17.30
2021,210305,04000113,8.20,7.75,,,,3.50,7.25,8.75,8.80,N1,04,Sở GDĐT Đà Nẵng ,,19.50,,,18.50,24.80,
2021,210317,04000125,7.80,7.25,7.50,7.50,3.50,,,,3.20,N1,04,Sở GDĐT Đà Nẵng ,18.50,,22.80,18.80,,18.30,18.50
2021,210308,04000116,7.20,6,4.50,4.75,4.25,,,,7,N1,04,Sở GDĐT Đà Nẵng ,13.50,,16.50,16.20,,20.20,18.70
2021,210319,04000127,8,6.25,8,7.50,6.50,,,,9.40,N1,04,Sở GDĐT Đà Nẵng ,22.00,,23.50,22.00,,23.70,25.40
2021,210320,04000128,3.40,3.25,,,,4,5.25,5.75,5.20,N1,04,Sở GDĐT Đà Nẵng ,,15.00,,,12.50,11.90,
2021,210310,04000118,7,5,,,,4.50,6,8.75,4,N1,04,Sở GDĐT Đà Nẵng ,,19.30,,,15.50,16.00,
2021,210312,04000120,7.60,5.75,,,,4.25,6.25,8.25,3.60,N1,04,Sở GDĐT Đà Nẵng ,,18.80,,,16.30,17.00,
2021,210314,04000122,4,5,,,,3,7,7,2.20,N1,04,Sở GDĐT Đà Nẵng ,,17.00,,,15.00,11.20,
2021,210316,04000124,3.60,3.25,,,,2.25,4.75,4.75,2.40,N1,04,Sở GDĐT Đà Nẵng ,,11.80,,,10.30,9.30,
2021,210318,04000126,8.40,5.75,7.25,7,4,,,,5.60,N1,04,Sở GDĐT Đà Nẵng ,18.30,,22.70,19.40,,19.80,21.30
2021,210321,04000129,3.40,4,,,,3,4.25,6.75,2.80,N1,04,Sở GDĐT Đà Nẵng ,,14.00,,,11.30,10.20,
2021,210322,04000130,7.60,6,7.25,4.75,4.50,,,,3.80,N1,04,Sở GDĐT Đà Nẵng ,16.50,,19.60,16.90,,17.40,18.70
2021,210330,04000138,7.80,6.75,,,,6.75,7.50,8.75,8.60,N1,04,Sở GDĐT Đà Nẵng ,,23.00,,,21.00,23.20,
2021,210323,04000131,4.60,5,,,,3.75,4,6.50,3.80,N1,04,Sở GDĐT Đà Nẵng ,,14.30,,,12.80,13.40,
2021,210324,04000132,8.40,5.50,7.25,7.50,4.50,,,,6.60,N1,04,Sở GDĐT Đà Nẵng ,19.30,,23.20,20.40,,20.50,22.30
2021,210331,04000139,7.40,6.25,,,,2.50,4.25,8.75,6.40,N1,04,Sở GDĐT Đà Nẵng ,,15.50,,,13.00,20.10,
2021,210325,04000133,7.80,5.50,7,6.75,3,,,,4,N1,04,Sở GDĐT Đà Nẵng ,16.80,,21.60,17.60,,17.30,18.80
2021,210327,04000135,8.60,6,7.25,8.50,6.25,,,,9.40,N1,04,Sở GDĐT Đà Nẵng ,22.00,,24.40,23.40,,24.00,25.30
2021,210332,04000140,7.20,7,,,,7,7,9.75,9.40,N1,04,Sở GDĐT Đà Nẵng ,,23.80,,,21.00,23.60,
2021,210326,04000134,5.20,7.25,,,,3.75,7.25,9,7.20,N1,04,Sở GDĐT Đà Nẵng ,,20.00,,,18.30,19.70,
2021,210328,04000136,8.60,6,5,6.75,6,,,,5.40,N1,04,Sở GDĐT Đà Nẵng ,17.80,,20.40,21.40,,20.00,19.00
2021,210329,04000137,7.80,7,,,,6.50,7.50,9.75,7.40,N1,04,Sở GDĐT Đà Nẵng ,,23.80,,,21.00,22.20,
2021,210334,04000142,8,7.75,,,,4.50,5.50,8.50,9.40,N1,04,Sở GDĐT Đà Nẵng ,,18.50,,,17.80,25.20,
2021,210335,04000143,8.80,6.75,7,8,6,,,,8.60,N1,04,Sở GDĐT Đà Nẵng ,21.00,,23.80,22.80,,24.20,24.40
2021,210336,04000144,8,8.50,7.25,8,4.25,,,,7.80,N1,04,Sở GDĐT Đà Nẵng ,19.50,,23.30,20.30,,24.30,23.10
2021,210337,04000145,7,7,,,,4.50,6.50,8.25,5.80,N1,04,Sở GDĐT Đà Nẵng ,,19.30,,,18.00,19.80,
2021,210338,04000146,6,8.50,,,,8.25,7.50,8.50,6.60,N1,04,Sở GDĐT Đà Nẵng ,,24.30,,,24.30,21.10,
2021,210339,04000147,8.40,4.75,8.50,4,4,,,,9.20,N1,04,Sở GDĐT Đà Nẵng ,16.50,,20.90,16.40,,22.40,26.10
2021,210341,04000149,9,4.50,8.25,4.75,6,,,,9.20,N1,04,Sở GDĐT Đà Nẵng ,19.00,,22.00,19.80,,22.70,26.50
2021,210342,04000150,7.40,7,,,,7.25,8.75,9.75,9,N1,04,Sở GDĐT Đà Nẵng ,,25.80,,,23.00,23.40,
2021,210343,04000151,7.80,6.25,6.75,4.50,4,,,,2.60,N1,04,Sở GDĐT Đà Nẵng ,15.30,,19.10,16.30,,16.70,17.20
2021,210346,04000154,6.40,8,,,,5,7.25,8.25,6.20,N1,04,Sở GDĐT Đà Nẵng ,,20.50,,,20.30,20.60,
2021,210333,04000141,5,4.50,,,,2.25,6.25,6.75,3.80,N1,04,Sở GDĐT Đà Nẵng ,,15.30,,,13.00,13.30,
2021,210347,04000155,6.20,7,,,,3.50,6,7,7.20,N1,04,Sở GDĐT Đà Nẵng ,,16.50,,,16.50,20.40,
2021,210348,04000156,5.20,5.25,,,,6.50,5,7.75,3.20,N1,04,Sở GDĐT Đà Nẵng ,,19.30,,,16.80,13.70,
2021,210349,04000157,4.60,6,,,,3.75,7,8.50,3.20,N1,04,Sở GDĐT Đà Nẵng ,,19.30,,,16.80,13.80,
2021,210350,04000158,8.40,8.50,,,,5.75,7.25,9.50,8.40,N1,04,Sở GDĐT Đà Nẵng ,,22.50,,,21.50,25.30,
2021,210340,04000148,7.60,6,6,7.50,4.25,,,,5,N1,04,Sở GDĐT Đà Nẵng ,17.80,,21.10,19.40,,18.60,18.60
2021,210355,04000163,6.80,5.50,4,5.50,4.50,,,,6,N1,04,Sở GDĐT Đà Nẵng ,14.00,,16.30,16.80,,18.30,16.80
2021,210354,04000162,5,5.75,,,,4.50,7,7.50,4.20,N1,04,Sở GDĐT Đà Nẵng ,,19.00,,,17.30,15.00,
2021,210356,04000164,8,5.75,,,,4.25,6.25,8.50,9.40,N1,04,Sở GDĐT Đà Nẵng ,,19.00,,,16.30,23.20,
2021,210344,04000152,7.40,7,4.25,8.50,5.50,,,,7,N1,04,Sở GDĐT Đà Nẵng ,18.30,,20.20,21.40,,21.40,18.70
2021,210345,04000153,7.20,7,,,,6,8.50,9.50,7.60,N1,04,Sở GDĐT Đà Nẵng ,,24.00,,,21.50,21.80,
2021,210358,04000166,7.20,4.75,8,5.25,5.25,,,,8.40,N1,04,Sở GDĐT Đà Nẵng ,18.50,,20.50,17.70,,20.40,23.60
2021,210359,04000167,7,7,,,,5,7.50,8,8.60,N1,04,Sở GDĐT Đà Nẵng ,,20.50,,,19.50,22.60,
2021,210360,04000168,7,4,6.75,2.50,4.50,,,,4.60,N1,04,Sở GDĐT Đà Nẵng ,13.80,,16.30,14.00,,15.60,18.40
2021,210362,04000170,5.60,6.25,,,,4.75,5.75,8,4.80,N1,04,Sở GDĐT Đà Nẵng ,,18.50,,,16.80,16.70,
2021,210351,04000159,8.20,5.50,5.25,7.25,6.25,,,,8,N1,04,Sở GDĐT Đà Nẵng ,18.80,,20.70,21.70,,21.70,21.50
2021,210352,04000160,4.40,4,3.25,4.75,4.75,,,,3.20,N1,04,Sở GDĐT Đà Nẵng ,12.80,,12.40,13.90,,11.60,10.90
2021,210361,04000169,8.80,5.50,7.50,8.75,4.25,,,,7.60,N1,04,Sở GDĐT Đà Nẵng ,20.50,,25.10,21.80,,21.90,23.90
2021,210363,04000171,6.40,5.75,6,5,6,,,,3.60,N1,04,Sở GDĐT Đà Nẵng ,17.00,,17.40,17.40,,15.80,16.00
2021,210353,04000161,7.20,5.75,,,,2.50,5.75,6,5,N1,04,Sở GDĐT Đà Nẵng ,,14.30,,,14.00,18.00,
2021,210364,04000172,7.20,6,,,,6.25,8,8.75,2.80,N1,04,Sở GDĐT Đà Nẵng ,,23.00,,,20.30,16.00,
2021,210357,04000165,7.80,6.50,6.75,7.50,4.25,,,,5,N1,04,Sở GDĐT Đà Nẵng ,18.50,,22.10,19.60,,19.30,19.60
2021,210371,04000179,7.40,4.75,,,,6.75,9,10,6,N1,04,Sở GDĐT Đà Nẵng ,,25.80,,,20.50,18.20,
2021,210373,04000181,6.40,4.50,6.50,4.75,5.25,,,,6.80,N1,04,Sở GDĐT Đà Nẵng ,16.50,,17.70,16.40,,17.70,19.70
2021,210375,04000183,4.60,7,,,,7,6.50,8.50,3.60,N1,04,Sở GDĐT Đà Nẵng ,,22.00,,,20.50,15.20,
2021,210367,04000175,8.60,5.25,6.50,4.25,4,,,,9.20,N1,04,Sở GDĐT Đà Nẵng ,14.80,,19.40,16.90,,23.00,24.30
2021,210365,04000173,5.40,5.75,,,,2.25,6.50,7,2.60,N1,04,Sở GDĐT Đà Nẵng ,,15.80,,,14.50,13.80,
2021,210366,04000174,8.40,6.25,6.25,6.75,5.75,,,,2.60,N1,04,Sở GDĐT Đà Nẵng ,18.80,,21.40,20.90,,17.30,17.30
2021,210376,04000184,8,8.25,5.50,7.50,5.75,,,,4.80,N1,04,Sở GDĐT Đà Nẵng ,18.80,,21.00,21.30,,21.10,18.30
2021,210369,04000177,7,4.75,5.75,8,4.75,,,,6.80,N1,04,Sở GDĐT Đà Nẵng ,18.50,,20.80,19.80,,18.60,19.60
2021,210368,04000176,7,7.50,,,,6.25,7,9.50,9.20,N1,04,Sở GDĐT Đà Nẵng ,,22.80,,,20.80,23.70,
2021,210370,04000178,2.40,4.25,,,,2.50,7.25,7.75,8.20,N1,04,Sở GDĐT Đà Nẵng ,,17.50,,,14.00,14.90,
2021,210372,04000180,6.20,4.50,,,,5.75,7.50,8.25,7,N1,04,Sở GDĐT Đà Nẵng ,,21.50,,,17.80,17.70,
2021,210378,04000186,8,8,3.75,7.75,8.75,,,,5,N1,04,Sở GDĐT Đà Nẵng ,20.30,,19.50,24.50,,21.00,16.80
2021,210379,04000187,8.20,7.25,,,,5.25,7.50,8.75,7.20,N1,04,Sở GDĐT Đà Nẵng ,,21.50,,,20.00,22.70,
2021,210374,04000182,8.40,7.50,6.75,6.50,4.50,,,,8.80,N1,04,Sở GDĐT Đà Nẵng ,17.80,,21.70,19.40,,24.70,24.00
2021,210384,04000192,7.60,6,5,6.75,5.25,,,,8.40,N1,04,Sở GDĐT Đà Nẵng ,17.00,,19.40,19.60,,22.00,21.00
2021,210383,04000191,8.20,7,7,6,6.25,,,,9.20,N1,04,Sở GDĐT Đà Nẵng ,19.30,,21.20,20.50,,24.40,24.40
2021,210385,04000193,5.80,7,,,,3.50,6.50,6.75,5.20,N1,04,Sở GDĐT Đà Nẵng ,,16.80,,,17.00,18.00,
2021,210386,04000194,8.40,7.25,7.75,7.50,5.75,,,,,,04,Sở GDĐT Đà Nẵng ,21.00,,23.70,21.70,,,
2021,210387,04000195,6.60,7,,,,7.50,9.50,8.75,4.20,N1,04,Sở GDĐT Đà Nẵng ,,25.80,,,24.00,17.80,
2021,210388,04000196,4.80,7.50,,,,5.25,7,9.25,7.20,N1,04,Sở GDĐT Đà Nẵng ,,21.50,,,19.80,19.50,
2021,210389,04000197,7.80,6,7.50,7,2.25,,,,4.40,N1,04,Sở GDĐT Đà Nẵng ,16.80,,22.30,17.10,,18.20,19.70
2021,210390,04000198,7.60,6,3.50,8.75,7.75,,,,6.60,N1,04,Sở GDĐT Đà Nẵng ,20.00,,19.90,24.10,,20.20,17.70
2021,210377,04000185,8.20,7.75,,,,4.75,7,9.50,8.40,N1,04,Sở GDĐT Đà Nẵng ,,21.30,,,19.50,24.40,
2021,210392,04000200,8.20,5.50,8.25,7.50,6.25,,,,6.60,N1,04,Sở GDĐT Đà Nẵng ,22.00,,24.00,22.00,,20.30,23.00
2021,210393,04000201,8.20,6,7.50,4.25,6.25,,,,9.20,N1,04,Sở GDĐT Đà Nẵng ,18.00,,20.00,18.70,,23.40,24.90
2021,210394,04000202,4.20,5.25,3.50,5.25,4,,,,2.60,N1,04,Sở GDĐT Đà Nẵng ,12.80,,13.00,13.50,,12.00,10.30
2021,210381,04000189,4.80,5.50,,,,2.75,5.75,8,5.60,N1,04,Sở GDĐT Đà Nẵng ,,16.50,,,14.00,15.90,
2021,210380,04000188,4.80,7.50,,,,6,7.75,8.75,8.60,N1,04,Sở GDĐT Đà Nẵng ,,22.50,,,21.30,20.90,
2021,210382,04000190,8.20,6.50,6.75,7,6,,,,6.40,N1,04,Sở GDĐT Đà Nẵng ,19.80,,22.00,21.20,,21.10,21.40
2021,210395,04000203,3.40,7,,,,3,5,7,2.20,N1,04,Sở GDĐT Đà Nẵng ,,15.00,,,15.00,12.60,
2021,210396,04000204,5.60,7,4.75,6.75,5.75,,,,5,N1,04,Sở GDĐT Đà Nẵng ,17.30,,17.10,18.10,,17.60,15.40
2021,210397,04000205,6.60,5.50,,,,5.75,6.25,9.50,7.80,N1,04,Sở GDĐT Đà Nẵng ,,21.50,,,17.50,19.90,
2021,210398,04000206,8.40,6,6.75,6.75,5,,,,5.60,N1,04,Sở GDĐT Đà Nẵng ,18.50,,21.90,20.20,,20.00,20.80
2021,210399,04000207,8,8,,,,5.75,7,8.25,9.60,N1,04,Sở GDĐT Đà Nẵng ,,21.00,,,20.80,25.60,
2021,210400,04000208,8.40,7.50,,,,3.25,6.25,7.50,9.20,N1,04,Sở GDĐT Đà Nẵng ,,17.00,,,17.00,25.10,
2021,210402,04000210,7,6.75,,,,3.75,6.75,9,7,N1,04,Sở GDĐT Đà Nẵng ,,19.50,,,17.30,20.80,
2021,210391,04000199,8,5.75,6.75,6.50,3.75,,,,4,N1,04,Sở GDĐT Đà Nẵng ,17.00,,21.30,18.30,,17.80,18.80
2021,210403,04000211,7.40,8.25,,,,5.25,7.50,8,9,N1,04,Sở GDĐT Đà Nẵng ,,20.80,,,21.00,24.70,
2021,210404,04000212,8,4.50,,,,6.75,8.75,9,8.60,N1,04,Sở GDĐT Đà Nẵng ,,24.50,,,20.00,21.10,
2021,210408,04000216,6.20,5.50,6,4.25,5,,,,7,N1,04,Sở GDĐT Đà Nẵng ,15.30,,16.50,15.50,,18.70,19.20
2021,210406,04000214,2.60,5.50,,,,3.25,5.25,6.75,1.80,N1,04,Sở GDĐT Đà Nẵng ,,15.30,,,14.00,9.90,
2021,210410,04000218,8.60,8.25,,,,5.75,7,8.50,9.80,N1,04,Sở GDĐT Đà Nẵng ,,21.30,,,21.00,26.70,
2021,210411,04000219,9,5.25,8.50,8.50,6.50,,,,7,N1,04,Sở GDĐT Đà Nẵng ,23.50,,26.00,24.00,,21.30,24.50
2021,210413,04000221,7.60,6,5.50,8.25,5.25,,,,2.60,N1,04,Sở GDĐT Đà Nẵng ,19.00,,21.40,21.10,,16.20,15.70
2021,210415,04000223,5.40,2.75,,,,1.75,5.75,5.50,3.40,N1,04,Sở GDĐT Đà Nẵng ,,13.00,,,10.30,11.60,
2021,210401,04000209,8.60,8.50,7.75,4.50,5.50,,,,9.80,N1,04,Sở GDĐT Đà Nẵng ,17.80,,20.90,18.60,,26.90,26.20
2021,210416,04000224,7.80,4.25,5.75,4.75,6,,,,2.80,N1,04,Sở GDĐT Đà Nẵng ,16.50,,18.30,18.60,,14.90,16.40
2021,210417,04000225,8.20,4.75,6.25,7,6.50,,,,2.80,N1,04,Sở GDĐT Đà Nẵng ,19.80,,21.50,21.70,,15.80,17.30
2021,210420,04000228,6.80,7,,,,7.75,8.50,9.25,2.40,N1,04,Sở GDĐT Đà Nẵng ,,25.50,,,23.30,16.20,
2021,210407,04000215,8.60,4.75,7.75,7.25,4,,,,6,N1,04,Sở GDĐT Đà Nẵng ,19.00,,23.60,19.90,,19.40,22.40
2021,210405,04000213,8.20,8,,,,8,8.50,8.50,7,N1,04,Sở GDĐT Đà Nẵng ,,25.00,,,24.50,23.20,
2021,210409,04000217,6.20,6.50,,,,7.50,8.75,8.50,5.20,N1,04,Sở GDĐT Đà Nẵng ,,24.80,,,22.80,17.90,
2021,210412,04000220,3.60,3.25,,,,4.25,4.50,7,2.60,N1,04,Sở GDĐT Đà Nẵng ,,15.80,,,12.00,9.50,
2021,210414,04000222,8.60,5,5.75,6.25,5,,,,5.60,N1,04,Sở GDĐT Đà Nẵng ,17.00,,20.60,19.90,,19.20,20.00
2021,210425,04000233,8.20,7,4.50,7.75,7.25,,,,7,N1,04,Sở GDĐT Đà Nẵng ,19.50,,20.50,23.20,,22.20,19.70
2021,210423,04000231,6.40,5.75,2.75,3.25,3.25,,,,3.20,N1,04,Sở GDĐT Đà Nẵng ,9.30,,12.40,12.90,,15.40,12.40
2021,210424,04000232,9,8,8,5.75,4.75,,,,9.40,N1,04,Sở GDĐT Đà Nẵng ,18.50,,22.80,19.50,,26.40,26.40
2021,210426,04000234,7.20,8.50,,,,8.75,7.50,9.75,8.40,N1,04,Sở GDĐT Đà Nẵng ,,26.00,,,24.80,24.10,
2021,210427,04000235,8.80,6.75,8,8,5.25,,,,4.80,N1,04,Sở GDĐT Đà Nẵng ,21.30,,24.80,22.10,,20.40,21.60
2021,210418,04000226,3,3.25,,,,3.75,5.50,6.50,2.40,N1,04,Sở GDĐT Đà Nẵng ,,15.80,,,12.50,8.70,
2021,210419,04000227,6.40,4.75,,,,8.25,7.75,8.75,6.60,N1,04,Sở GDĐT Đà Nẵng ,,24.80,,,20.80,17.80,
2021,210430,04000238,5.60,5.50,,,,6.50,7,8.50,5,N1,04,Sở GDĐT Đà Nẵng ,,22.00,,,19.00,16.10,
2021,210429,04000237,2.20,3.50,,,,6,7,8,2.60,N1,04,Sở GDĐT Đà Nẵng ,,21.00,,,16.50,8.30,
2021,210432,04000240,7.60,8,,,,4.50,6.75,9.25,5.20,N1,04,Sở GDĐT Đà Nẵng ,,20.50,,,19.30,20.80,
2021,210421,04000229,7.80,7.25,6,7,7.50,,,,4.80,N1,04,Sở GDĐT Đà Nẵng ,20.50,,20.80,22.30,,19.90,18.60
2021,210422,04000230,5.40,5.50,,,,7,6.50,9.75,3.80,N1,04,Sở GDĐT Đà Nẵng ,,23.30,,,19.00,14.70,
2021,210438,04000246,7,7,,,,4.50,7.50,9.50,5.20,N1,04,Sở GDĐT Đà Nẵng ,,21.50,,,19.00,19.20,
2021,210428,04000236,6.60,7.50,,,,7.75,7.50,9.50,6.20,N1,04,Sở GDĐT Đà Nẵng ,,24.80,,,22.80,20.30,
2021,210431,04000239,4.60,5.50,,,,5.25,6.50,6.75,3.60,N1,04,Sở GDĐT Đà Nẵng ,,18.50,,,17.30,13.70,
2021,210433,04000241,8,6.50,,,,7.75,8.25,9.75,5.60,N1,04,Sở GDĐT Đà Nẵng ,,25.80,,,22.50,20.10,
2021,210435,04000243,4,2.25,,,,3.50,5.75,6.50,2,N1,04,Sở GDĐT Đà Nẵng ,,15.80,,,11.50,8.30,
2021,210436,04000244,3,3.25,,,,3.50,6.75,6.75,4,N1,04,Sở GDĐT Đà Nẵng ,,17.00,,,13.50,10.30,
2021,210439,04000247,6.20,4.75,,,,2.75,5.50,6.25,3.20,N1,04,Sở GDĐT Đà Nẵng ,,14.50,,,13.00,14.20,
2021,210437,04000245,7.40,5.50,,,,4,6.75,8.25,8.60,N1,04,Sở GDĐT Đà Nẵng ,,19.00,,,16.30,21.50,
2021,210434,04000242,7.60,7,5.25,7.25,4,,,,3.40,N1,04,Sở GDĐT Đà Nẵng ,16.50,,20.10,18.90,,18.00,16.30
2021,210440,04000248,7.80,5.50,,,,6.50,7.75,10,3.40,N1,04,Sở GDĐT Đà Nẵng ,,24.30,,,19.80,16.70,
2021,210441,04000249,6.80,4.75,,,,4.25,6.25,8.50,9.60,N1,04,Sở GDĐT Đà Nẵng ,,19.00,,,15.30,21.20,
2021,210442,04000250,6.40,5.25,,,,3,6.50,6.75,4.60,N1,04,Sở GDĐT Đà Nẵng ,,16.30,,,14.80,16.30,
2021,210443,04000251,9,3.25,,,,5.50,7.50,9.75,7.20,N1,04,Sở GDĐT Đà Nẵng ,,22.80,,,16.30,19.50,
2021,210444,04000252,7,7.25,,,,9,5.50,7,4,N1,04,Sở GDĐT Đà Nẵng ,,21.50,,,21.80,18.30,
2021,210445,04000253,7.40,7.50,,,,4,6,7,4.20,N1,04,Sở GDĐT Đà Nẵng ,,17.00,,,17.50,19.10,
2021,210448,04000256,5.40,6.25,,,,7.50,8,9,5.60,N1,04,Sở GDĐT Đà Nẵng ,,24.50,,,21.80,17.30,
2021,210446,04000254,6.20,5.50,,,,3.50,6.25,7.25,5.40,N1,04,Sở GDĐT Đà Nẵng ,,17.00,,,15.30,17.10,
2021,210449,04000257,5.60,6.25,,,,4.75,5,8,7.80,N1,04,Sở GDĐT Đà Nẵng ,,17.80,,,16.00,19.70,
2021,210447,04000255,6,5.75,,,,3.50,6.50,9.25,3.40,N1,04,Sở GDĐT Đà Nẵng ,,19.30,,,15.80,15.20,
2021,210450,04000258,4,5,,,,3.75,6.50,8.50,2.40,N1,04,Sở GDĐT Đà Nẵng ,,18.80,,,15.30,11.40,
2021,210454,04000262,7.20,7,,,,7,7.25,7.75,8,N1,04,Sở GDĐT Đà Nẵng ,,22.00,,,21.30,22.20,
2021,210451,04000259,4.60,4.50,,,,4.50,5.75,7,1,N1,04,Sở GDĐT Đà Nẵng ,,17.30,,,14.80,10.10,
2021,210457,04000265,5.80,6.75,,,,6.50,7.50,9.25,5.80,N1,04,Sở GDĐT Đà Nẵng ,,23.30,,,20.80,18.40,
2021,210459,04000267,8.60,7.50,,,,8.50,7.75,9.75,9.40,N1,04,Sở GDĐT Đà Nẵng ,,26.00,,,23.80,25.50,
2021,210456,04000264,6.20,5.50,,,,4.50,7,8.50,8.20,N1,04,Sở GDĐT Đà Nẵng ,,20.00,,,17.00,19.90,
2021,210452,04000260,7.40,8.25,,,,10,9,9.50,9.60,N1,04,Sở GDĐT Đà Nẵng ,,28.50,,,27.30,25.30,
2021,210453,04000261,5,5,,,,3.50,5.75,6,5.40,N1,04,Sở GDĐT Đà Nẵng ,,15.30,,,14.30,15.40,
2021,210465,04000273,4.60,3.25,,,,4.75,6.25,6.50,3.80,N1,04,Sở GDĐT Đà Nẵng ,,17.50,,,14.30,11.60,
2021,210458,04000266,3.20,3.50,,,,3.50,5.75,5.50,2.80,N1,04,Sở GDĐT Đà Nẵng ,,14.80,,,12.80,9.50,
2021,210461,04000269,7,6,,,,3,6.75,8,4.40,N1,04,Sở GDĐT Đà Nẵng ,,17.80,,,15.80,17.40,
2021,210460,04000268,5.20,5.25,,,,2.50,5.75,7.75,3.20,N1,04,Sở GDĐT Đà Nẵng ,,16.00,,,13.50,13.70,
2021,210455,04000263,7.80,4.75,,,,4.25,5,7.25,3.40,N1,04,Sở GDĐT Đà Nẵng ,,16.50,,,14.00,16.00,
2021,210462,04000270,7.20,7.75,,,,2.25,6.25,8.25,5.80,N1,04,Sở GDĐT Đà Nẵng ,,16.80,,,16.30,20.80,
2021,210463,04000271,5.60,6.50,,,,5.75,7.25,8,8,N1,04,Sở GDĐT Đà Nẵng ,,21.00,,,19.50,20.10,
2021,210464,04000272,7.80,6.50,,,,7,7.75,9.75,7.20,N1,04,Sở GDĐT Đà Nẵng ,,24.50,,,21.30,21.50,
2021,210469,04000277,7,6.50,,,,5,6.25,8.25,4.20,N1,04,Sở GDĐT Đà Nẵng ,,19.50,,,17.80,17.70,
2021,210466,04000274,6.20,6,,,,3.25,6,6.75,4.40,N1,04,Sở GDĐT Đà Nẵng ,,16.00,,,15.30,16.60,
2021,210467,04000275,5.80,6,,,,4,6,9.25,4.40,N1,04,Sở GDĐT Đà Nẵng ,,19.30,,,16.00,16.20,
2021,210468,04000276,5.60,5,,,,4.50,6.50,8,7.40,N1,04,Sở GDĐT Đà Nẵng ,,19.00,,,16.00,18.00,
2021,210477,04000285,7.80,6,,,,6.25,7,8,3.60,N1,04,Sở GDĐT Đà Nẵng ,,21.30,,,19.30,17.40,
2021,210471,04000279,6.60,4,,,,5.50,6.50,6.25,6.20,N1,04,Sở GDĐT Đà Nẵng ,,18.30,,,16.00,16.80,
2021,210470,04000278,6.60,5,,,,5.75,7,9.25,7.60,N1,04,Sở GDĐT Đà Nẵng ,,22.00,,,17.80,19.20,
2021,210472,04000280,4.60,4.75,,,,3.25,7.75,8.50,2,N1,04,Sở GDĐT Đà Nẵng ,,19.50,,,15.80,11.40,
2021,210479,04000287,3.40,3.50,,,,2.75,5,5.50,1.80,N1,04,Sở GDĐT Đà Nẵng ,,13.30,,,11.30,8.70,
2021,210473,04000281,5.40,3.50,,,,3.50,6.25,8.25,2.40,N1,04,Sở GDĐT Đà Nẵng ,,18.00,,,13.30,11.30,
2021,210475,04000283,6,2.25,,,,3.50,6.25,7.75,3.20,N1,04,Sở GDĐT Đà Nẵng ,,17.50,,,12.00,11.50,
2021,210481,04000289,7.40,7,,,,4.50,8,7,7.60,N1,04,Sở GDĐT Đà Nẵng ,,19.50,,,19.50,22.00,
2021,210476,04000284,7.80,6,,,,3,6,7.50,8,N1,04,Sở GDĐT Đà Nẵng ,,16.50,,,15.00,21.80,
2021,210474,04000282,6.80,5.50,,,,6,8,9,8.80,N1,04,Sở GDĐT Đà Nẵng ,,23.00,,,19.50,21.10,
2021,210485,04000293,6.40,7.50,,,,3.75,5.25,7,6,N1,04,Sở GDĐT Đà Nẵng ,,16.00,,,16.50,19.90,
2021,210478,04000286,7.20,5.75,,,,3.50,7,9.25,6.40,N1,04,Sở GDĐT Đà Nẵng ,,19.80,,,16.30,19.40,
2021,210487,04000295,6.20,5,,,,1.50,5.75,8.75,8.40,N1,04,Sở GDĐT Đà Nẵng ,,16.00,,,12.30,19.60,
2021,210488,04000296,4.60,5.50,,,,4.75,7.25,9,2.80,N1,04,Sở GDĐT Đà Nẵng ,,21.00,,,17.50,12.90,
2021,210480,04000288,6.60,5,,,,6.25,8.50,8,4.60,N1,04,Sở GDĐT Đà Nẵng ,,22.80,,,19.80,16.20,
2021,210482,04000290,3,2.75,,,,3.75,6.50,5,2.20,N1,04,Sở GDĐT Đà Nẵng ,,15.30,,,13.00,8.00,
2021,210483,04000291,4,4.25,,,,2.50,5.75,6.75,3.80,N1,04,Sở GDĐT Đà Nẵng ,,15.00,,,12.50,12.10,
2021,210492,04000300,7.40,5.50,,,,2.25,6.50,7.25,7.40,N1,04,Sở GDĐT Đà Nẵng ,,16.00,,,14.30,20.30,
2021,210484,04000292,5,4.50,,,,2.50,5,7.50,4.20,N1,04,Sở GDĐT Đà Nẵng ,,15.00,,,12.00,13.70,
2021,210494,04000302,7,6,,,,6.75,6.50,8,7.40,N1,04,Sở GDĐT Đà Nẵng ,,21.30,,,19.30,20.40,
2021,210495,04000303,5.60,5.25,,,,2.50,5,8.50,1.40,N1,04,Sở GDĐT Đà Nẵng ,,16.00,,,12.80,12.30,
2021,210486,04000294,7.80,7,,,,5.25,6.25,9.25,6.60,N1,04,Sở GDĐT Đà Nẵng ,,20.80,,,18.50,21.40,
2021,210497,04000305,7.60,4.50,,,,4,6.75,8,3.40,N1,04,Sở GDĐT Đà Nẵng ,,18.80,,,15.30,15.50,
2021,210489,04000297,7.60,6.75,,,,8,8,9.75,7.60,N1,04,Sở GDĐT Đà Nẵng ,,25.80,,,22.80,22.00,
2021,210498,04000306,8,8.25,,,,4.50,8.25,9.50,9.60,N1,04,Sở GDĐT Đà Nẵng ,,22.30,,,21.00,25.90,
2021,210499,04000307,7.40,7.75,,,,7.25,7.25,9.25,8.80,N1,04,Sở GDĐT Đà Nẵng ,,23.80,,,22.30,24.00,
2021,210490,04000298,6.40,6.75,,,,1.25,6.50,7.75,6,N1,04,Sở GDĐT Đà Nẵng ,,15.50,,,14.50,19.20,
2021,210491,04000299,8.20,7,,,,7.25,6.75,8.50,8.80,N1,04,Sở GDĐT Đà Nẵng ,,22.50,,,21.00,24.00,
2021,210501,04000309,6.40,8.25,,,,4.50,7.75,9.25,8.40,N1,04,Sở GDĐT Đà Nẵng ,,21.50,,,20.50,23.10,
2021,210493,04000301,8.20,6.75,,,,5,7.75,8.75,9,N1,04,Sở GDĐT Đà Nẵng ,,21.50,,,19.50,24.00,
2021,210503,04000311,6.60,6,,,,7.25,8.50,9.25,3.20,N1,04,Sở GDĐT Đà Nẵng ,,25.00,,,21.80,15.80,
2021,210505,04000313,9,7.75,,,,5.25,7,8.25,9,N1,04,Sở GDĐT Đà Nẵng ,,20.50,,,20.00,25.80,
2021,210506,04000314,3,4,,,,2.75,6.75,7,3,N1,04,Sở GDĐT Đà Nẵng ,,16.50,,,13.50,10.00,
2021,210496,04000304,7.20,6,,,,5.25,8,9,4.80,N1,04,Sở GDĐT Đà Nẵng ,,22.30,,,19.30,18.00,
2021,210508,04000316,4.80,5.25,,,,4,5,8,2.60,N1,04,Sở GDĐT Đà Nẵng ,,17.00,,,14.30,12.70,
2021,210509,04000317,3.80,6.50,,,,4,6,8,3.80,N1,04,Sở GDĐT Đà Nẵng ,,18.00,,,16.50,14.10,
2021,210510,04000318,8.20,6,,,,3,6.25,6.50,8.20,N1,04,Sở GDĐT Đà Nẵng ,,15.80,,,15.30,22.40,
2021,210500,04000308,7.60,6.75,,,,5.50,6.75,9,9,N1,04,Sở GDĐT Đà Nẵng ,,21.30,,,19.00,23.40,
2021,210516,04000324,8.40,4.50,6.25,8.25,3.75,,,,4.40,N1,04,Sở GDĐT Đà Nẵng ,18.30,,22.90,20.40,,17.30,19.10
2021,210502,04000310,5.60,5.25,,,,2.50,6,5.75,6.60,N1,04,Sở GDĐT Đà Nẵng ,,14.30,,,13.80,17.50,
2021,210504,04000312,8.40,7,,,,6.50,8,8.50,9.40,N1,04,Sở GDĐT Đà Nẵng ,,23.00,,,21.50,24.80,
2021,210517,04000325,7.20,6.25,,,,4,6.25,6.75,6.40,N1,04,Sở GDĐT Đà Nẵng ,,17.00,,,16.50,19.90,
2021,210507,04000315,7,7.75,,,,6,5.75,9.75,4.40,N1,04,Sở GDĐT Đà Nẵng ,,21.50,,,19.50,19.20,
2021,210520,04000328,7,5.50,6.25,5.75,5,,,,3,N1,04,Sở GDĐT Đà Nẵng ,17.00,,19.00,17.80,,15.50,16.30
2021,210511,04000319,4.80,4,,,,3.50,5,6.50,4,N1,04,Sở GDĐT Đà Nẵng ,,15.00,,,12.50,12.80,
2021,210519,04000327,6.20,5.75,,,,3.50,7,7.75,2.80,N1,04,Sở GDĐT Đà Nẵng ,,18.30,,,16.30,14.80,
2021,210512,04000320,8.40,7,,,,7.50,7.50,9.25,8.40,N1,04,Sở GDĐT Đà Nẵng ,,24.30,,,22.00,23.80,
2021,210522,04000330,4.60,5,,,,7.50,7.50,9.50,4.60,N1,04,Sở GDĐT Đà Nẵng ,,24.50,,,20.00,14.20,
2021,210513,04000321,5.80,4.25,,,,2.75,6,8,2.80,N1,04,Sở GDĐT Đà Nẵng ,,16.80,,,13.00,12.90,
2021,210514,04000322,5,5.75,,,,5,7.25,7.50,1.80,N1,04,Sở GDĐT Đà Nẵng ,,19.80,,,18.00,12.60,
2021,210515,04000323,3.80,5,,,,3.50,5.50,8.25,2,N1,04,Sở GDĐT Đà Nẵng ,,17.30,,,14.00,10.80,
2021,210527,04000335,7.80,8,,,,4.50,6.50,8.50,7.60,N1,04,Sở GDĐT Đà Nẵng ,,19.50,,,19.00,23.40,
2021,210518,04000326,7.60,6.25,5.75,7,5.50,,,,5.20,N1,04,Sở GDĐT Đà Nẵng ,18.30,,20.40,20.10,,19.10,18.60
2021,210521,04000329,4.60,4.25,3.25,4.50,4.25,,,,5.40,N1,04,Sở GDĐT Đà Nẵng ,12.00,,12.40,13.40,,14.30,13.30
2021,210524,04000332,7.80,4.50,6.50,7.75,3,,,,4.80,N1,04,Sở GDĐT Đà Nẵng ,17.30,,22.10,18.60,,17.10,19.10
2021,210523,04000331,3.20,5,,,,2.75,4.75,5,4.60,N1,04,Sở GDĐT Đà Nẵng ,,12.50,,,12.50,12.80,
2021,210525,04000333,7.20,5,5.25,4.50,4.75,,,,3.60,N1,04,Sở GDĐT Đà Nẵng ,14.50,,17.00,16.50,,15.80,16.10
2021,210526,04000334,7.40,6,,,,6.25,7.75,8.50,9.20,N1,04,Sở GDĐT Đà Nẵng ,,22.50,,,20.00,22.60,
2021,210528,04000336,6.40,6.75,,,,7,6.75,8.50,3.80,N1,04,Sở GDĐT Đà Nẵng ,,22.30,,,20.50,17.00,
2021,210529,04000337,4,3.75,,,,2.75,6,7.25,1.80,N1,04,Sở GDĐT Đà Nẵng ,,16.00,,,12.50,9.60,
2021,210530,04000338,7.80,7,,,,4.25,6.75,8,6.20,N1,04,Sở GDĐT Đà Nẵng ,,19.00,,,18.00,21.00,
2021,210531,04000339,6.60,6.75,,,,3.25,5.25,8.50,4.20,N1,04,Sở GDĐT Đà Nẵng ,,17.00,,,15.30,17.60,
2021,210535,04000343,5.40,6,,,,5.75,7,8.75,5.60,N1,04,Sở GDĐT Đà Nẵng ,,21.50,,,18.80,17.00,
2021,210536,04000344,9.20,4.25,7.25,7.75,3,,,,5.40,N1,04,Sở GDĐT Đà Nẵng ,18.00,,24.20,20.00,,18.90,21.90
2021,210538,04000346,4,2.75,,,,3.25,5,8,3.40,N1,04,Sở GDĐT Đà Nẵng ,,16.30,,,11.00,10.20,
2021,210532,04000340,7.80,4.50,7.50,4.75,3.75,,,,9,N1,04,Sở GDĐT Đà Nẵng ,16.00,,20.10,16.30,,21.30,24.30
2021,210533,04000341,8.20,5.50,,,,4,7.25,9.50,6.20,N1,04,Sở GDĐT Đà Nẵng ,,20.80,,,16.80,19.90,
2021,210542,04000350,6.60,5.50,,,,2.75,4.50,6.25,2.20,N1,04,Sở GDĐT Đà Nẵng ,,13.50,,,12.80,14.30,
2021,210544,04000352,8.60,5.50,8,8.50,4.75,,,,4.60,N1,04,Sở GDĐT Đà Nẵng ,21.30,,25.10,21.90,,18.70,21.20
2021,210534,04000342,4.20,4,,,,5,5.75,5.25,2.60,N1,04,Sở GDĐT Đà Nẵng ,,16.00,,,14.80,10.80,
2021,210548,04000356,8,6.75,4.25,8.25,8,,,,8.20,N1,04,Sở GDĐT Đà Nẵng ,20.50,,20.50,24.30,,23.00,20.50
2021,210537,04000345,7.60,6,,,,5.75,8.25,9.25,6,N1,04,Sở GDĐT Đà Nẵng ,,23.30,,,20.00,19.60,
2021,210539,04000347,7,6,6.75,7,6.75,,,,6.40,N1,04,Sở GDĐT Đà Nẵng ,20.50,,20.80,20.80,,19.40,20.20
2021,210540,04000348,8.20,3.25,5,4.25,4.50,,,,8,N1,04,Sở GDĐT Đà Nẵng ,13.80,,17.50,17.00,,19.50,21.20
2021,210549,04000357,8.60,7,,,,6.25,7.50,8.75,5.60,N1,04,Sở GDĐT Đà Nẵng ,,22.50,,,20.80,21.20,
2021,210543,04000351,7.40,4,6.75,6.25,5.25,,,,7.60,N1,04,Sở GDĐT Đà Nẵng ,18.30,,20.40,18.90,,19.00,21.80
2021,210541,04000349,5.40,5.75,,,,3,7,7,3.40,N1,04,Sở GDĐT Đà Nẵng ,,17.00,,,15.80,14.60,
2021,210550,04000358,8,8.50,,,,6.25,7.25,8.75,8.20,N1,04,Sở GDĐT Đà Nẵng ,,22.30,,,22.00,24.70,
2021,210553,04000361,5.60,4.75,,,,4.25,6.75,8.25,2.80,N1,04,Sở GDĐT Đà Nẵng ,,19.30,,,15.80,13.20,
2021,210545,04000353,7.80,5,7.25,5.50,5,,,,8.40,N1,04,Sở GDĐT Đà Nẵng ,17.80,,20.60,18.30,,21.20,23.50
2021,210546,04000354,7.20,5.25,,,,5,6.75,9.50,7.40,N1,04,Sở GDĐT Đà Nẵng ,,21.30,,,17.00,19.90,
2021,210554,04000362,4.60,7.25,,,,2.75,6.75,6.25,7.20,N1,04,Sở GDĐT Đà Nẵng ,,15.80,,,16.80,19.10,
2021,210547,04000355,8.20,7.50,,,,3.25,7.50,8.25,9.40,N1,04,Sở GDĐT Đà Nẵng ,,19.00,,,18.30,25.10,
2021,210557,04000365,5.60,6.75,,,,4,7,8.75,5.40,N1,04,Sở GDĐT Đà Nẵng ,,19.80,,,17.80,17.80,
2021,210558,04000366,7.80,7.75,,,,4.75,6,9.25,8.80,N1,04,Sở GDĐT Đà Nẵng ,,20.00,,,18.50,24.40,
2021,210559,04000367,7.40,7.75,,,,5.50,5.25,7.75,8.20,N1,04,Sở GDĐT Đà Nẵng ,,18.50,,,18.50,23.40,
2021,210552,04000360,8.40,8,,,,5,5.75,8.25,9,N1,04,Sở GDĐT Đà Nẵng ,,19.00,,,18.80,25.40,
2021,210563,04000371,7.20,6,,,,4.50,6,8.50,7.60,N1,04,Sở GDĐT Đà Nẵng ,,19.00,,,16.50,20.80,
2021,210564,04000372,7.80,7,,,,8,8,9.25,9.20,N1,04,Sở GDĐT Đà Nẵng ,,25.30,,,23.00,24.00,
2021,210551,04000359,8,7.25,,,,2.25,6.75,6.25,6.80,N1,04,Sở GDĐT Đà Nẵng ,,15.30,,,16.30,22.10,
2021,210565,04000373,7.80,8,,,,6,8,9.25,9.60,N1,04,Sở GDĐT Đà Nẵng ,,23.30,,,22.00,25.40,
2021,210555,04000363,7.20,8.75,,,,6.75,7.50,9.75,9.20,N1,04,Sở GDĐT Đà Nẵng ,,24.00,,,23.00,25.20,
2021,210556,04000364,6.60,6.25,4.50,6.25,6.75,,,,6,N1,04,Sở GDĐT Đà Nẵng ,17.50,,17.40,19.60,,18.90,17.10
2021,210569,04000377,3,6.50,2.75,3.50,4.50,,,,4.20,N1,04,Sở GDĐT Đà Nẵng ,10.80,,9.30,11.00,,13.70,10.00
2021,210566,04000374,6,6.50,4.25,6.25,7.75,,,,2.60,N1,04,Sở GDĐT Đà Nẵng ,18.30,,16.50,20.00,,15.10,12.90
2021,210570,04000378,7.80,8,,,,4,6,8.75,8.60,N1,04,Sở GDĐT Đà Nẵng ,,18.80,,,18.00,24.40,
2021,210560,04000368,9,7.25,,,,3.75,7,7.75,9,N1,04,Sở GDĐT Đà Nẵng ,,18.50,,,18.00,25.30,
2021,210562,04000370,7.80,7.50,,,,4,7.25,8.75,8.60,N1,04,Sở GDĐT Đà Nẵng ,,20.00,,,18.80,23.90,
2021,210561,04000369,7.40,6,6.75,7.50,4.25,,,,5.60,N1,04,Sở GDĐT Đà Nẵng ,18.50,,21.70,19.20,,19.00,19.80
2021,210571,04000379,5.40,7,,,,3,6,8,8.60,N1,04,Sở GDĐT Đà Nẵng ,,17.00,,,16.00,21.00,
2021,210573,04000381,7.20,5.25,,,,7.75,8,9.50,3.60,N1,04,Sở GDĐT Đà Nẵng ,,25.30,,,21.00,16.10,
2021,210576,04000384,7.60,6.25,,,,6.75,7.25,9,4,N1,04,Sở GDĐT Đà Nẵng ,,23.00,,,20.30,17.90,
2021,210578,04000386,6.60,6.75,7.50,7.50,6.25,,,,7.40,N1,04,Sở GDĐT Đà Nẵng ,21.30,,21.60,20.40,,20.80,21.50
2021,210579,04000387,6.40,7.75,,,,3.75,7.50,9,4.60,N1,04,Sở GDĐT Đà Nẵng ,,20.30,,,19.00,18.80,
2021,210580,04000388,5.20,6.75,,,,5.25,7.50,9.75,4.60,N1,04,Sở GDĐT Đà Nẵng ,,22.50,,,19.50,16.50,
2021,210568,04000376,7.80,7.25,7,7.50,7,,,,7.40,N1,04,Sở GDĐT Đà Nẵng ,21.50,,22.30,22.30,,22.50,22.20
2021,210567,04000375,4.80,3,,,,2.75,5.25,5.75,3,N1,04,Sở GDĐT Đà Nẵng ,,13.80,,,11.00,10.80,
2021,210581,04000389,4.80,8,4.50,6.75,6.75,,,,6.20,N1,04,Sở GDĐT Đà Nẵng ,18.00,,16.10,18.30,,19.00,15.50
2021,210582,04000390,7.20,8.75,,,,4.50,7.50,7.75,8.80,N1,04,Sở GDĐT Đà Nẵng ,,19.80,,,20.80,24.80,
2021,210583,04000391,7.80,6,6.25,4.75,4.50,,,,8.20,N1,04,Sở GDĐT Đà Nẵng ,15.50,,18.80,17.10,,22.00,22.30
2021,210572,04000380,4.80,3.75,,,,3.25,5.50,7.50,4.20,N1,04,Sở GDĐT Đà Nẵng ,,16.30,,,12.50,12.80,
2021,210584,04000392,2.40,3.50,,,,2.75,3.50,2.75,2.80,N1,04,Sở GDĐT Đà Nẵng ,,9.00,,,9.80,8.70,
2021,210585,04000393,9,8.75,,,,6.25,7.50,8.25,9.20,N1,04,Sở GDĐT Đà Nẵng ,,22.00,,,22.50,27.00,
2021,210574,04000382,7.80,5.50,6.50,8.25,4.75,,,,6.60,N1,04,Sở GDĐT Đà Nẵng ,19.50,,22.60,20.80,,19.90,20.90
2021,210586,04000394,6.40,5.25,,,,3,6.50,7.25,7.60,N1,04,Sở GDĐT Đà Nẵng ,,16.80,,,14.80,19.30,
2021,210575,04000383,7.40,4.50,6.50,5.75,6,,,,3.20,N1,04,Sở GDĐT Đà Nẵng ,18.30,,19.70,19.20,,15.10,17.10
2021,210577,04000385,7.20,6.25,6,7.75,5.75,,,,3.60,N1,04,Sở GDĐT Đà Nẵng ,19.50,,21.00,20.70,,17.10,16.80
2021,210589,04000397,2.80,2,,,,2.75,6.50,7.50,2.20,N1,04,Sở GDĐT Đà Nẵng ,,16.80,,,11.30,7.00,
2021,210588,04000396,6.80,4.50,,,,4,5.50,6,2.40,N1,04,Sở GDĐT Đà Nẵng ,,15.50,,,14.00,13.70,
2021,210591,04000399,8.60,8,6.75,7.50,8.50,,,,8.60,N1,04,Sở GDĐT Đà Nẵng ,22.80,,22.90,24.60,,25.20,24.00
2021,210590,04000398,6.20,5,,,,5.50,6.75,8.50,3.80,N1,04,Sở GDĐT Đà Nẵng ,,20.80,,,17.30,15.00,
2021,210594,04000402,7.80,6.25,5.25,6.75,6,,,,6,N1,04,Sở GDĐT Đà Nẵng ,18.00,,19.80,20.60,,20.10,19.10
2021,210593,04000401,8,5.75,7,7.50,6.50,,,,4.80,N1,04,Sở GDĐT Đà Nẵng ,21.00,,22.50,22.00,,18.60,19.80
2021,210596,04000404,5,5,4.50,5,3.75,,,,2.20,N1,04,Sở GDĐT Đà Nẵng ,13.30,,14.50,13.80,,12.20,11.70
2021,210599,04000407,5.60,6,,,,5,8.25,8.75,4.40,N1,04,Sở GDĐT Đà Nẵng ,,22.00,,,19.30,16.00,
2021,210601,04000409,6.20,5.75,,,,5.25,7.25,9,4,N1,04,Sở GDĐT Đà Nẵng ,,21.50,,,18.30,16.00,
2021,210602,04000410,7.80,6.25,,,,7.50,6.25,9,6.60,N1,04,Sở GDĐT Đà Nẵng ,,22.80,,,20.00,20.70,
2021,210587,04000395,7.60,6.50,,,,4.25,5.75,7.50,8.60,N1,04,Sở GDĐT Đà Nẵng ,,17.50,,,16.50,22.70,
2021,210603,04000411,8.20,6,,,,7,6.75,9.75,8.80,N1,04,Sở GDĐT Đà Nẵng ,,23.50,,,19.80,23.00,
2021,210604,04000412,7.60,5.75,,,,3,7,9.25,5.60,N1,04,Sở GDĐT Đà Nẵng ,,19.30,,,15.80,19.00,
2021,210592,04000400,4.20,1.75,,,,3.50,7.25,5.25,2.40,N1,04,Sở GDĐT Đà Nẵng ,,16.00,,,12.50,8.40,
2021,210605,04000413,8.60,7.75,6,5,5.50,,,,9.20,N1,04,Sở GDĐT Đà Nẵng ,16.50,,19.60,19.10,,25.60,23.80
2021,210595,04000403,5.80,5.75,7,3.25,7.50,,,,5,N1,04,Sở GDĐT Đà Nẵng ,17.80,,16.10,16.60,,16.60,17.80
2021,210598,04000406,7.40,6.75,8,8.25,5.75,,,,6.60,N1,04,Sở GDĐT Đà Nẵng ,22.00,,23.70,21.40,,20.80,22.00
2021,210600,04000408,8.20,6,8.75,7.75,4.50,,,,6.20,N1,04,Sở GDĐT Đà Nẵng ,21.00,,24.70,20.50,,20.40,23.20
2021,210597,04000405,7.20,6.50,,,,6.75,7.50,8,7.80,N1,04,Sở GDĐT Đà Nẵng ,,22.30,,,20.80,21.50,
2021,210608,04000417,5.60,7.50,,,,3.25,5.50,7.50,3.80,N1,04,Sở GDĐT Đà Nẵng ,,16.30,,,16.30,16.90,
2021,210615,04000424,8,6.50,6.50,7.75,3.50,,,,7.40,N1,04,Sở GDĐT Đà Nẵng ,17.80,,22.30,19.30,,21.90,21.90
2021,210612,04000421,6.80,3.50,6,4.75,2.75,,,,3.60,N1,04,Sở GDĐT Đà Nẵng ,13.50,,17.60,14.30,,13.90,16.40
2021,210613,04000422,8,4.50,8,4.75,5.50,,,,9.40,N1,04,Sở GDĐT Đà Nẵng ,18.30,,20.80,18.30,,21.90,25.40
2021,210614,04000423,8.60,7.25,,,,6.25,7.50,7.50,9.40,N1,04,Sở GDĐT Đà Nẵng ,,21.30,,,21.00,25.30,
2021,210606,04000414,5,4.50,,,,3.50,4.75,7.25,4.80,N1,04,Sở GDĐT Đà Nẵng ,,15.50,,,12.80,14.30,
2021,210607,04000415,6.40,4,,,,2.50,5.50,9.25,5.60,N1,04,Sở GDĐT Đà Nẵng ,,17.30,,,12.00,16.00,
2021,210618,04000427,7.40,6.75,6.25,7,6,,,,5,N1,04,Sở GDĐT Đà Nẵng ,19.30,,20.70,20.40,,19.20,18.70
2021,210609,04000418,5.40,2.75,3,2,3.75,,,,3,N1,04,Sở GDĐT Đà Nẵng ,8.80,,10.40,11.20,,11.20,11.40
2021,210610,04000419,4.40,4.50,,,,3.50,6,7.75,4,N1,04,Sở GDĐT Đà Nẵng ,,17.30,,,14.00,12.90,
2021,210611,04000420,8.80,7.50,,,,4,7,10,9.80,N1,04,Sở GDĐT Đà Nẵng ,,21.00,,,18.50,26.10,
2021,210616,04000425,7.40,6,7.25,7.25,5,,,,6,N1,04,Sở GDĐT Đà Nẵng ,19.50,,21.90,19.70,,19.40,20.70
2021,210623,04000432,8.80,5.75,7.75,8.50,5,,,,2.80,N1,04,Sở GDĐT Đà Nẵng ,21.30,,25.10,22.30,,17.40,19.40
2021,210617,04000426,5.80,7.50,,,,8.75,8.75,7.75,3.40,N1,04,Sở GDĐT Đà Nẵng ,,25.30,,,25.00,16.70,
2021,210619,04000428,7.60,6,8.25,6.25,6.75,,,,5.20,N1,04,Sở GDĐT Đà Nẵng ,21.30,,22.10,20.60,,18.80,21.10
2021,210620,04000429,8.40,7,8.25,5.75,6.50,,,,8.80,N1,04,Sở GDĐT Đà Nẵng ,20.50,,22.40,20.70,,24.20,25.50
2021,210621,04000430,6,5,,,,7.25,7.25,8.50,4.20,N1,04,Sở GDĐT Đà Nẵng ,,23.00,,,19.50,15.20,
2021,210622,04000431,6.80,4.50,,,,6,7.75,8,7.60,N1,04,Sở GDĐT Đà Nẵng ,,21.80,,,18.30,18.90,
2021,210624,04000433,4.80,4,,,,3,5.75,9,3.40,N1,04,Sở GDĐT Đà Nẵng ,,17.80,,,12.80,12.20,
2021,210625,04000434,8.20,8.50,,,,7,7.25,9,9.80,N1,04,Sở GDĐT Đà Nẵng ,,23.30,,,22.80,26.50,
2021,210630,04000439,8.20,5.75,7.75,7.50,2.75,,,,7.40,N1,04,Sở GDĐT Đà Nẵng ,18.00,,23.50,18.50,,21.40,23.40
2021,210632,04000441,7,5,,,,4.75,5.50,6.75,5.60,N1,04,Sở GDĐT Đà Nẵng ,,17.00,,,15.30,17.60,
2021,210633,04000442,5.40,4.50,,,,2.50,6.25,8,3.20,N1,04,Sở GDĐT Đà Nẵng ,,16.80,,,13.30,13.10,
2021,210626,04000435,8,4.50,6.50,6.50,6.25,,,,4.20,N1,04,Sở GDĐT Đà Nẵng ,19.30,,21.00,20.80,,16.70,18.70
2021,210627,04000436,8,6,4.75,7,4,,,,3,N1,04,Sở GDĐT Đà Nẵng ,15.80,,19.80,19.00,,17.00,15.80
2021,210628,04000437,7.20,5.50,,,,2.25,6,8.25,3,N1,04,Sở GDĐT Đà Nẵng ,,16.50,,,13.80,15.70,
2021,210629,04000438,3,2.25,,,,3.50,5.75,7.75,2.60,N1,04,Sở GDĐT Đà Nẵng ,,17.00,,,11.50,7.90,
2021,210631,04000440,7.20,7.25,,,,3.25,7,7,5.40,N1,04,Sở GDĐT Đà Nẵng ,,17.30,,,17.50,19.90,
2021,210634,04000443,8.40,5,8,8.50,5.25,,,,4.60,N1,04,Sở GDĐT Đà Nẵng ,21.80,,24.90,22.20,,18.00,21.00
2021,210635,04000444,5.20,3.50,,,,3.50,5.75,5.75,5.40,N1,04,Sở GDĐT Đà Nẵng ,,15.00,,,12.80,14.10,
2021,210637,04000446,7.40,4.75,,,,4.75,5.25,8.50,3,N1,04,Sở GDĐT Đà Nẵng ,,18.50,,,14.80,15.20,
2021,210636,04000445,6.80,5.50,,,,5.75,6,8.75,4.40,N1,04,Sở GDĐT Đà Nẵng ,,20.50,,,17.30,16.70,
2021,210638,04000447,5.20,6,,,,4.25,7,9,2.80,N1,04,Sở GDĐT Đà Nẵng ,,20.30,,,17.30,14.00,
2021,210639,04000448,6.60,6.25,6.25,4,4,,,,3.40,N1,04,Sở GDĐT Đà Nẵng ,14.30,,16.90,14.60,,16.30,16.30
2021,210640,04000449,7.60,6.75,,,,4.50,7,8.50,8.40,N1,04,Sở GDĐT Đà Nẵng ,,20.00,,,18.30,22.80,
2021,210641,04000450,6.80,7,,,,8.50,7.50,9,7.40,N1,04,Sở GDĐT Đà Nẵng ,,25.00,,,23.00,21.20,
2021,210642,04000451,7.80,5.50,7.25,6.50,4.25,,,,7.60,N1,04,Sở GDĐT Đà Nẵng ,18.00,,21.60,18.60,,20.90,22.70
2021,210643,04000452,4.80,2.25,,,,3.50,3.75,7,1.80,N1,04,Sở GDĐT Đà Nẵng ,,14.30,,,9.50,8.90,
2021,210645,04000454,8.40,5.75,7.50,4,5.75,,,,4.80,N1,04,Sở GDĐT Đà Nẵng ,17.30,,19.90,18.20,,19.00,20.70
2021,210644,04000453,7,5.50,,,,4.50,7,8.25,2.80,N1,04,Sở GDĐT Đà Nẵng ,,19.80,,,17.00,15.30,
2021,210646,04000455,9,4.50,7,7.50,4.25,,,,7.40,N1,04,Sở GDĐT Đà Nẵng ,18.80,,23.50,20.80,,20.90,23.40
2021,210647,04000456,6.60,5.75,6,4,5.50,,,,4.40,N1,04,Sở GDĐT Đà Nẵng ,15.50,,16.60,16.10,,16.80,17.00
2021,210649,04000458,6,4,,,,2.50,5.75,5.25,3.20,N1,04,Sở GDĐT Đà Nẵng ,,13.50,,,12.30,13.20,
2021,210648,04000457,7.20,4.50,3.50,4.50,4.25,,,,8.80,N1,04,Sở GDĐT Đà Nẵng ,12.30,,15.20,16.00,,20.50,19.50
2021,210654,04000463,8.60,5.50,7.75,5.50,5.25,,,,7.80,N1,04,Sở GDĐT Đà Nẵng ,18.50,,21.90,19.40,,21.90,24.20
2021,210650,04000459,8.60,5.50,8.50,3.75,6,,,,9.60,N1,04,Sở GDĐT Đà Nẵng ,18.30,,20.90,18.40,,23.70,26.70
2021,210651,04000460,7.40,6.50,7.50,7.75,4.50,,,,6.80,N1,04,Sở GDĐT Đà Nẵng ,19.80,,22.70,19.70,,20.70,21.70
2021,210660,04000469,8.60,4.75,8.50,7.50,5.50,,,,7.60,N1,04,Sở GDĐT Đà Nẵng ,21.50,,24.60,21.60,,21.00,24.70
2021,210653,04000462,8.20,5.50,7.75,5.25,5.50,,,,9.40,N1,04,Sở GDĐT Đà Nẵng ,18.50,,21.20,19.00,,23.10,25.40
2021,210652,04000461,8.40,6,7.75,7.25,5.25,,,,4.80,N1,04,Sở GDĐT Đà Nẵng ,20.30,,23.40,20.90,,19.20,21.00
2021,210661,04000470,7.60,5,7.75,8,5,,,,4.20,N1,04,Sở GDĐT Đà Nẵng ,20.80,,23.40,20.60,,16.80,19.60
2021,210662,04000471,9.20,7.75,,,,4.75,7,10,8.80,N1,04,Sở GDĐT Đà Nẵng ,,21.80,,,19.50,25.80,
2021,210663,04000472,7,7,,,,4.25,7.25,9.25,4.60,N1,04,Sở GDĐT Đà Nẵng ,,20.80,,,18.50,18.60,
2021,210656,04000465,6.60,6,,,,5.25,7.25,8.75,6.60,N1,04,Sở GDĐT Đà Nẵng ,,21.30,,,18.50,19.20,
2021,210658,04000467,8,4.75,6.50,8,6.25,,,,6.40,N1,04,Sở GDĐT Đà Nẵng ,20.80,,22.50,22.30,,19.20,20.90
2021,210657,04000466,5.20,3.25,5.75,4.25,3.75,,,,2.40,N1,04,Sở GDĐT Đà Nẵng ,13.80,,15.20,13.20,,10.90,13.40
2021,210659,04000468,8.20,7.25,,,,7,5.50,9.50,9.40,N1,04,Sở GDĐT Đà Nẵng ,,22.00,,,19.80,24.90,
2021,210668,04000477,7.60,6.25,,,,4,6,8.75,4.60,N1,04,Sở GDĐT Đà Nẵng ,,18.80,,,16.30,18.50,
2021,210665,04000474,5.60,7.50,,,,6.75,7.75,8.25,7.40,N1,04,Sở GDĐT Đà Nẵng ,,22.80,,,22.00,20.50,
2021,210655,04000464,7.80,8.25,,,,6.25,7.75,9.50,8.60,N1,04,Sở GDĐT Đà Nẵng ,,23.50,,,22.30,24.70,
2021,210664,04000473,9,9.25,6.75,6.75,6.50,,,,9.40,N1,04,Sở GDĐT Đà Nẵng ,20.00,,22.50,22.30,,27.70,25.20
2021,210667,04000476,5.20,4.50,,,,3,5,9.50,4.60,N1,04,Sở GDĐT Đà Nẵng ,,17.50,,,12.50,14.30,
2021,210666,04000475,6,5.75,,,,4.75,5.50,8.75,3.20,N1,04,Sở GDĐT Đà Nẵng ,,19.00,,,16.00,15.00,
2021,210673,04000482,4.20,7.50,,,,4.75,6,9,6.20,N1,04,Sở GDĐT Đà Nẵng ,,19.80,,,18.30,17.90,
2021,210675,04000484,7.80,7.75,,,,4.50,7.50,6.75,8.60,N1,04,Sở GDĐT Đà Nẵng ,,18.80,,,19.80,24.20,
2021,210671,04000480,2.60,2,,,,3,3.50,6.50,3,N1,04,Sở GDĐT Đà Nẵng ,,13.00,,,8.50,7.60,
2021,210670,04000479,6.60,8,,,,5.25,5.75,8.75,8.60,N1,04,Sở GDĐT Đà Nẵng ,,19.80,,,19.00,23.20,
2021,210669,04000478,6.60,5.50,,,,3.25,4.75,8,4.60,N1,04,Sở GDĐT Đà Nẵng ,,16.00,,,13.50,16.70,
2021,210672,04000481,6.40,7.50,,,,5,6,8.50,7.40,N1,04,Sở GDĐT Đà Nẵng ,,19.50,,,18.50,21.30,
2021,210679,04000488,7.40,4.50,,,,3,6.75,8.25,7.20,N1,04,Sở GDĐT Đà Nẵng ,,18.00,,,14.30,19.10,
2021,210682,04000491,6.80,6.50,,,,4,7,9.50,7.60,N1,04,Sở GDĐT Đà Nẵng ,,20.50,,,17.50,20.90,
2021,210683,04000492,8.60,6.25,,,,4.50,7.25,7.50,9,N1,04,Sở GDĐT Đà Nẵng ,,19.30,,,18.00,23.90,
2021,210684,04000493,7.80,6.25,,,,5.50,8.25,9,9.20,N1,04,Sở GDĐT Đà Nẵng ,,22.80,,,20.00,23.30,
2021,210674,04000483,7.80,6.75,,,,5.25,7,9.75,8.60,N1,04,Sở GDĐT Đà Nẵng ,,22.00,,,19.00,23.20,
2021,210676,04000485,5.60,5,,,,4.25,8,8.75,4,N1,04,Sở GDĐT Đà Nẵng ,,21.00,,,17.30,14.60,
2021,210677,04000486,7.80,5.50,,,,4.75,5.50,7.75,9,N1,04,Sở GDĐT Đà Nẵng ,,18.00,,,15.80,22.30,
2021,210678,04000487,8,5.25,,,,3.50,4.75,6,6.60,N1,04,Sở GDĐT Đà Nẵng ,,14.30,,,13.50,19.90,
2021,210688,04000497,1.80,5,,,,3,6.25,7.25,3,N1,04,Sở GDĐT Đà Nẵng ,,16.50,,,14.30,9.80,
2021,210680,04000489,7.60,4.25,,,,3.50,6.50,9.75,5.20,N1,04,Sở GDĐT Đà Nẵng ,,19.80,,,14.30,17.10,
2021,210681,04000490,6.80,6.25,,,,6,7.50,8,7,N1,04,Sở GDĐT Đà Nẵng ,,21.50,,,19.80,20.10,
2021,210685,04000494,7.20,6,,,,8,6,8.50,4.20,N1,04,Sở GDĐT Đà Nẵng ,,22.50,,,20.00,17.40,
2021,210686,04000495,6.40,3,,,,5,6.25,6,4.80,N1,04,Sở GDĐT Đà Nẵng ,,17.30,,,14.30,14.20,
2021,210687,04000496,5.20,6.25,,,,5,6,8.25,4.40,N1,04,Sở GDĐT Đà Nẵng ,,19.30,,,17.30,15.90,
2021,210689,04000498,7.80,6.50,,,,8,7.75,8.25,4.20,N1,04,Sở GDĐT Đà Nẵng ,,24.00,,,22.30,18.50,
2021,210691,04000500,6.80,6,,,,6.25,8,9.75,8,N1,04,Sở GDĐT Đà Nẵng ,,24.00,,,20.30,20.80,
2021,210690,04000499,6.40,3.75,,,,3,6,7.75,4.60,N1,04,Sở GDĐT Đà Nẵng ,,16.80,,,12.80,14.80,
